IPhone,Samsung,OnePlus,MI,Pixel,Realme,Vivo
Samsung,OnePlus,Walton,MI,Realme,Redmi,Vivo
Samsung,Nokia,MI,Pixel,Realme,Redmi
IPhone,OnePlus,Nokia,Walton,Pixel,Realme
IPhone,Samsung,Nokia,Walton,Pixel,Realme,Redmi
IPhone,OnePlus,Nokia,MI,Redmi,Vivo
IPhone,Samsung,OnePlus,Nokia,Walton,Pixel,MI,Realme
IPhone,Nokia,Pixel,Realme,Redmi
IPhone,Samsung,OnePlus,Nokia,Realme,Vivo
Samsung,OnePlus,Nokia,Pixel,MI,Realme,Vivo
IPhone,Samsung,OnePlus,Nokia,MI,Vivo
Samsung,OnePlus,Walton,MI,Realme,Redmi
Samsung,Nokia,Pixel,Realme,Redmi
IPhone,OnePlus,Walton,Pixel,Realme,Redmi,Vivo
OnePlus,Nokia,Walton,MI,Redmi
Samsung,OnePlus,Nokia,Walton,Pixel,Realme,Redmi
IPhone,Nokia,Walton,Pixel,MI,Realme,Vivo
IPhone,Samsung,OnePlus,Nokia,Walton,MI,Realme,Redmi,Vivo
Samsung,Nokia,MI,Pixel,Realme,Redmi
Samsung,OnePlus,Walton,MI,Realme,Vivo
IPhone,Samsung,OnePlus,Nokia,Walton,Pixel,MI,Redmi
IPhone,OnePlus,Walton,MI,Pixel,Realme,Redmi
IPhone,OnePlus,Nokia,Walton,MI,Realme,Redmi,Vivo
IPhone,OnePlus,Nokia,Pixel,Realme,Vivo
IPhone,MI,Pixel,Realme,Vivo